Cliente,Contrato
Via Araucária S.A,SUP-7133-24
Via Araucária S.A,SUP-7133-24
Via Araucária S.A,SUP-7133-24
Via Araucária S.A,SUP-7133-24
Via Araucária S.A,SUP-7133-24
Via Araucária S.A,SUP-7133-24
Via Araucária S.A,SUP-7133-24
Via Araucária S.A,SUP-7133-24
Via Araucária S.A,SUP-7133-24
Via Araucária S.A,SUP-7133-24
Ecopistas,SUP-7813-24
Ecopistas,SUP-7813-24
Ecopistas,SUP-7813-24
Ecopistas,SUP-7813-24
Ecopistas,SUP-7813-24
Ecopistas,SUP-7813-24
Ecopistas,SUP-7813-24
Ecopistas,SUP-7813-24
Ecopistas,SUP-7813-24
EPR Litoral Pioneiro,SUP-7128-24
EPR Litoral Pioneiro,SUP-7128-24
EPR Litoral Pioneiro,SUP-7128-24
EPR Litoral Pioneiro,SUP-7128-24
EPR Litoral Pioneiro,SUP-7128-24
EPR Litoral Pioneiro,SUP-7128-24
EPR Litoral Pioneiro,SUP-7128-24
EPR Litoral Pioneiro,SUP-7722-24
EPR Litoral Pioneiro,SUP-7722-24
EPR Litoral Pioneiro,SUP-7722-24
EPR Litoral Pioneiro,SUP-7722-24
EPR Litoral Pioneiro,SUP-7722-24
EPR Litoral Pioneiro,SUP-7722-24
EPR Litoral Pioneiro,SUP-7722-24
EPR Litoral Pioneiro,SUP-7722-24
EPR Litoral Pioneiro,SUP-7722-24
EPR Litoral Pioneiro,SUP-7722-24
EPR Vias do Café,SUP-7770-24
EPR Vias do Café,SUP-7770-24
EPR Vias do Café,SUP-7770-24
EPR Vias do Café,SUP-7770-24
EPR Vias do Café,SUP-7770-24
EPR Triângulo,SUP-7769-24
EPR Triângulo,SUP-7769-24
EPR Triângulo,SUP-7769-24
EPR Triângulo,SUP-7769-24
EPR Triângulo,SUP-7769-24
EPR Sul de Minas,SUP-7768-24
EPR Sul de Minas,SUP-7768-24
EPR Sul de Minas,SUP-7768-24
EPR Sul de Minas,SUP-7768-24
Pantanal,SUP-6806-23
Pantanal,SUP-6806-23
Pantanal,SUP-6806-23
Pantanal,SUP-6806-23
Pantanal,SUP-6806-23
Pantanal,SUP-6806-23
Pantanal,SUP-6806-23
Pantanal,SUP-6806-23
Pantanal,SUP-6806-23
Pantanal,SUP-8187-25
Pantanal,SUP-8187-25
Pantanal,SUP-8187-25
RioSP,SUP-6498-23
RioSP,SUP-6498-23
RioSP,SUP-6498-23
RioSP,SUP-6498-23
RioSP,SUP-6498-23
RioSP,SUP-6830-23
RioSP,SUP-6830-23
RioSP,SUP-6830-23
RioSP,SUP-6830-23
RioSP,SUP-6830-23
RioSP,SUP-6830-23
RioSP,SUP-6830-23
RioSP,SUP-6830-23
RioSP,SUP-6830-23
RioSP,SUP-6830-23
RioSP,SUP-7285-24
RioSP,SUP-7285-24
RioSP,SUP-7285-24
RioSP,SUP-7285-24
RioSP,SUP-7285-24
RioSP,SUP-7285-24
RioSP,SUP-7285-24
RioSP,SUP-7285-24
RioSP,SUP-7285-24
Via Costeira,SUP-5947-23 (VC)
Via Costeira,SUP-5947-23 (VC)
Via Costeira,SUP-5947-23 (VC)
Via Costeira,SUP-5947-23 (VC)
Via Costeira,SUP-5947-23 (VC)
Via Costeira,SUP-5947-23 (VC)
Via Costeira,SUP-5947-23 (VC)
Via Costeira,SUP-5947-23 (VC)
EPR Via Mineira,SUP-7593-24
EPR Via Mineira,SUP-7593-24
EPR Via Mineira,SUP-7593-24
EPR Via Mineira,SUP-7593-24
EPR Via Mineira,SUP-7593-24
EPR Via Mineira,SUP-7593-24
EPR Via Mineira,SUP-7593-24
EPR Via Mineira,SUP-7593-24
EPR Via Mineira,SUP-7593-24
EPR Via Mineira,SUP-7593-24
Via Sul,SUP-5947-23 (VS)
Via Sul,SUP-5947-23 (VS)
Rota Sorocabana,SUP-8370-25
Rota Sorocabana,SUP-8370-25
Rota Sorocabana,SUP-8370-25
Rota Sorocabana,SUP-8370-25
Rota Sorocabana,SUP-8370-25
Rota Sorocabana,SUP-8370-25
Rota Sorocabana,SUP-8370-25
Rota Sorocabana,SUP-8370-25
Rota Sorocabana,SUP-8370-25
AutoBan,SUP-8224-25 (AB)
PRVias,SUP-8224-25 (PR)
Nova 381,SUP-8250-25
Nova 381,SUP-8250-25
Nova 381,SUP-8250-25
Sondotécnica,SUP-8276-25
Sondotécnica,SUP-8276-25
Sondotécnica,SUP-8276-25
Quadrante,SUP-8408-26
Quadrante,SUP-8408-26
BID 2.0 - DIVERSOS,SUP-8224-25
BID 2.0 - DIVERSOS,SUP-8224-25
EPR Iguaçu,SUP-8437-26
EPR Iguaçu,SUP-8437-26
EPR Iguaçu,SUP-8437-26
EPR Iguaçu,SUP-8437-26
TPF,SUP-8417-26
TPF,SUP-8417-26
TPF,SUP-8417-26
EPR Paraná - Lote 4,SUP-8520-26
EPR Paraná - Lote 4,SUP-8520-26
EPR Paraná - Lote 4,SUP-8520-26
EPR Paraná - Lote 4,SUP-8520-26
Via Campo,SUP-8452-26
Via Campo,SUP-8452-26
Via Campo,SUP-8452-26
Via Campo,SUP-8452-26
Macroanel,SUP-8224-25 (MA)
Macroanel,SUP-8224-25 (MA)
Macroanel,SUP-8224-25 (MA)
Diversos,Diversos
Diversos,Diversos
Diversos,Diversos
Diversos,Diversos
Diversos,Diversos
Diversos,Diversos
Diversos,Diversos
Diversos,Diversos
Diversos,Diversos
Diversos,Diversos
