Cliente,Contrato,Sigla,Prevista,Executada,Saldo
CCR AUTOBAN,SUP-8224-25 (AB),SP,13,12,-80
CCR AUTOBAN,SUP-8224-25 (AB),PI,0,5,-19
CCR AUTOBAN,SUP-8224-25 (AB),ST,0,66,-70
CCR AUTOBAN,SUP-8224-25 (AB),PI.S,0,3,-3
CCR AUTOBAN,SUP-8224-25 (AB),INCL.SM,1,0,1
CCR AUTOBAN,SUP-8224-25 (AB),SM,2,0,2
CCR MSVIA,SUP-6806-23,SP,2002,2073,-138
CCR MSVIA,SUP-6806-23,PI,1216,729,333
CCR MSVIA,SUP-6806-23,ST,7093,6634,-1232
CCR MSVIA,SUP-6806-23,SM,61,247,-195
CCR MSVIA,SUP-6806-23,VT,32,21,-2
CCR MSVIA,SUP-6806-23,CPTU,32,27,-7
CCR MSVIA,SUP-6806-23,SH,32,14,17
CCR MSVIA,SUP-6806-23,DN,0,2,-2
CCR MSVIA,SUP-6806-23,BL,0,79,-83
CCR MSVIA,SUP-6806-23,SP.F,0,0,-6
CCR MSVIA,SUP-6806-23,SM.F,21,6,15
CCR MSVIA,SUP-8187-25,PI,0,184,-240
CCR MSVIA,SUP-8224-25 (MS),INCL.SM,1,0,1
CCR MSVIA,SUP-8224-25 (MS),SM,3,0,3
CCR MSVIA,SUP-8224-25 (MS),SP,15,0,15
CCR PRVIAS,SUP-8224-25 (PR),SP,15,29,-36
CCR PRVIAS,SUP-8224-25 (PR),SM,3,0,-3
CCR PRVIAS,SUP-8224-25 (PR),VT,0,4,-4
CCR PRVIAS,SUP-8224-25 (PR),CPTU,0,4,-4
CCR PRVIAS,SUP-8224-25 (PR),SH,0,4,-4
CCR PRVIAS,SUP-8224-25 (PR),INCL.SM,1,0,1
CCR PRVIAS,SUP-6785-23 (PV),SP,3,14,-11
CCR PRVIAS,SUP-6785-23 (PV),PI,10,18,-8
CCR PRVIAS,SUP-6785-23 (PV),ST,5,6,-1
CCR PRVIAS,SUP-6785-23 (PV),SM,10,2,8
CCR PRVIAS,SUP-6785-23 (PV),CPTU,1,0,1
CCR RIOSP,SUP-6498-23,SP,13,77,-72
CCR RIOSP,SUP-6498-23,PI,0,117,-117
CCR RIOSP,SUP-6498-23,ST,1012,402,610
CCR RIOSP,SUP-6498-23,SR,0,1,-1
CCR RIOSP,SUP-6498-23,SM,458,458,-1
CCR RIOSP,SUP-6498-23,VT,12,9,3
CCR RIOSP,SUP-6498-23,CPTU,20,21,-5
CCR RIOSP,SUP-6498-23,SH,0,18,-18
CCR RIOSP,SUP-6498-23,DN,0,12,-12
CCR RIOSP,SUP-6498-23,BL,0,28,-43
CCR RIOSP,SUP-6498-23,BQ,4,1,3
CCR RIOSP,SUP-6498-23,SEG.V,0,30,-33
CCR RIOSP,SUP-6498-23,SEG.A,0,33,-61
CCR RIOSP,SUP-6498-23,SM.A,0,27,-55
CCR RIOSP,SUP-6830-23,SP,54,188,-145
CCR RIOSP,SUP-6830-23,PI,66,125,-133
CCR RIOSP,SUP-6830-23,ST,235,475,-240
CCR RIOSP,SUP-6830-23,SM,132,28,101
CCR RIOSP,SUP-6830-23,VT,7,13,-6
CCR RIOSP,SUP-6830-23,CPTU,1,22,-24
CCR RIOSP,SUP-6830-23,SH,0,14,-14
CCR RIOSP,SUP-6830-23,DN,0,0,-2
CCR RIOSP,SUP-6830-23,BL,12,5,7
CCR RIOSP,SUP-6830-23,SEG.A,0,7,-10
CCR RIOSP,SUP-6830-23,SM.A,0,15,-16
CCR RIOSP,SUP-6830-23,BQ,2,0,2
CCR RIOSP,SUP-7285-24,SP,5178,2115,2876
CCR RIOSP,SUP-7285-24,PI,499,287,53
CCR RIOSP,SUP-7285-24,ST,6137,2184,3888
CCR RIOSP,SUP-7285-24,SR,0,0,-1
CCR RIOSP,SUP-7285-24,SM,940,796,-160
CCR RIOSP,SUP-7285-24,VT,21,16,5
CCR RIOSP,SUP-7285-24,CPTU,60,16,44
CCR RIOSP,SUP-7285-24,SH,60,11,49
CCR RIOSP,SUP-7285-24,DN,50,0,48
CCR RIOSP,SUP-7285-24,BL,42,29,-8
CCR RIOSP,SUP-7285-24,BQ,44,0,38
CCR RIOSP,SUP-7285-24,SM.F,13,0,13
CCR RIOSP,SUP-7285-24,SEG.V,0,0,-4
CCR RIOSP,SUP-7285-24,SEG.A,0,19,-167
CCR RIOSP,SUP-7285-24,SM.A,0,8,-148
CCR RIOSP,SUP8224-25 (RS),INCL.SM,0,0,0
CCR RIOSP,SUP8224-25 (RS),SM,1,0,1
CCR RIOSP,SUP8224-25 (RS),SP,9,0,9
CCR RODOANEL,SUP-8224-25 (RA),SP,5,0,-25
CCR RODOANEL,SUP-8224-25 (RA),SM,1,0,0
CCR RODOANEL,SUP-8224-25 (RA),BL,0,3,-3
CCR RODOANEL,SUP-8224-25 (RA),INCL.SM,0,0,0
CCR RODONORTE,SUP-8224-25 (RN),INCL.SM,0,0,0
CCR RODONORTE,SUP-8224-25 (RN),SM,0,0,0
CCR RODONORTE,SUP-8224-25 (RN),SP,2,0,2
CCR ROTA SOROCABANA,SUP-8370-25,SP,1211,1042,-276
CCR ROTA SOROCABANA,SUP-8370-25,PI,379,161,175
CCR ROTA SOROCABANA,SUP-8370-25,ST,1225,1834,-780
CCR ROTA SOROCABANA,SUP-8370-25,SM,123,286,-184
CCR ROTA SOROCABANA,SUP-8370-25,VT,70,41,29
CCR ROTA SOROCABANA,SUP-8370-25,CPTU,30,40,-10
CCR ROTA SOROCABANA,SUP-8370-25,SH,247,25,222
CCR ROTA SOROCABANA,SUP-8370-25,BL,71,0,71
CCR ROTA SOROCABANA,SUP-8370-25,SN,0,0,-86
CCR ROTA SOROCABANA,SUP-8370-25,DN,49,0,49
CCR ROTA SOROCABANA,SUP-8370-25,INCL.SM,0,0,0
CCR ROTA SOROCABANA,SUP-6785-23 (SO),SP,10,186,-176
CCR ROTA SOROCABANA,SUP-6785-23 (SO),PI,10,50,-40
CCR ROTA SOROCABANA,SUP-6785-23 (SO),ST,5,228,-223
CCR ROTA SOROCABANA,SUP-6785-23 (SO),SM,15,1,14
CCR ROTA SOROCABANA,SUP-6785-23 (SO),BL,10,0,10
CCR ROTA SOROCABANA,SUP-6785-23 (SO),BQ,10,0,10
CCR ROTA SOROCABANA,SUP-6785-23 (SO),CPTU,1,0,1
CCR ROTA SOROCABANA,SUP-6785-23 (SO),VT,5,0,5
CCR ROTA SOROCABANA,SUP-8224-25 (SR),INCL.SM,0,0,0
CCR ROTA SOROCABANA,SUP-8224-25 (SR),SM,1,0,1
CCR ROTA SOROCABANA,SUP-8224-25 (SR),SP,9,0,9
CCR SPVIAS,SUP-8224-25 (SV),INCL.SM,1,0,1
CCR SPVIAS,SUP-8224-25 (SV),SM,2,0,2
CCR SPVIAS,SUP-8224-25 (SV),SP,10,0,10
CCR VIACOSTEIRA,SUP-7130-24,BQ,170,0,170
CCR VIACOSTEIRA,SUP-7130-24,PI,170,0,170
CCR VIACOSTEIRA,SUP-5947-23 (VC),SP,917,1109,-192
CCR VIACOSTEIRA,SUP-5947-23 (VC),PI,266,263,3
CCR VIACOSTEIRA,SUP-5947-23 (VC),ST,1115,1110,5
CCR VIACOSTEIRA,SUP-5947-23 (VC),SR,0,1,-1
CCR VIACOSTEIRA,SUP-5947-23 (VC),SM,67,174,-107
CCR VIACOSTEIRA,SUP-5947-23 (VC),VT,0,77,-77
CCR VIACOSTEIRA,SUP-5947-23 (VC),CPTU,37,89,-52
CCR VIACOSTEIRA,SUP-5947-23 (VC),SH,0,108,-108
CCR VIACOSTEIRA,SUP-5947-23 (VC),BL,0,8,-8
CCR VIACOSTEIRA,SUP-8224-25 (VC),INCL.SM,0,0,0
CCR VIACOSTEIRA,SUP-8224-25 (VC),SM,1,0,1
CCR VIACOSTEIRA,SUP-8224-25 (VC),SP,5,0,5
CCR VIALAGOS,SUP-8224-25 (VL),INCL.SM,0,0,0
CCR VIALAGOS,SUP-8224-25 (VL),SM,0,0,0
CCR VIALAGOS,SUP-8224-25 (VL),SP,0,0,0
CCR VIAOESTE,SUP-8224-25 (VO),INCL.SM,0,0,0
CCR VIAOESTE,SUP-8224-25 (VO),SM,0,0,0
CCR VIAOESTE,SUP-8224-25 (VO),SP,1,0,1
CCR VIASUL,SUP-7160-24,PI,200,101,99
CCR VIASUL,SUP-7160-24,BQ,200,95,105
CCR VIASUL,SUP-8224-25 (VS),INCL.SM,0,0,0
CCR VIASUL,SUP-8224-25 (VS),SM,1,0,1
CCR VIASUL,SUP-8224-25 (VS),SP,3,0,3
CONCESSIONÁRIA DE RODOVIA NOVA 381,SUP-8250-25,PI,0,164,-164
CONCESSIONÁRIA DE RODOVIA NOVA 381,SUP-8250-25,ST,100,112,-12
CONCESSIONÁRIA DE RODOVIA NOVA 381,SUP-8250-25,BQ,0,139,-139
CONCESSIONARIA DAS RODOVIAS DO LESTE MS,SUP-8591-26,SP,7,6,1
CONCESSIONÁRIA VIARIO S.A,SUP-7169-24,SP,20,6,14
CONCESSIONÁRIA VIARIO S.A,SUP-7169-24,BQ,50,0,50
CONCESSIONÁRIA VIARIO S.A,SUP-7169-24,CPTU,1,0,1
CONCESSIONÁRIA VIARIO S.A,SUP-7169-24,PI,20,0,20
CONCESSIONÁRIA VIARIO S.A,SUP-7169-24,SM,10,0,10
CONCESSIONÁRIA VIARIO S.A,SUP-7169-24,SR,50,0,50
CONCESSIONÁRIA VIARIO S.A,SUP-7169-24,ST,10,0,10
CONCESSIONÁRIA VIARIO S.A,SUP-7169-24,VT,1,0,1
ECOPISTAS,SUP-7813-24,SP,400,378,24
ECOPISTAS,SUP-7813-24,PI,30,6,24
ECOPISTAS,SUP-7813-24,ST,400,335,65
ECOPISTAS,SUP-7813-24,SM,200,142,58
ECOPISTAS,SUP-7813-24,VT,20,8,12
ECOPISTAS,SUP-7813-24,CPTU,20,9,11
ECOPISTAS,SUP-7813-24,SH,20,8,12
ECOPISTAS,SUP-7813-24,DN,10,4,6
ECOPISTAS,SUP-7813-24,BL,0,2,-2
ECOPISTAS,SUP-7813-24,PZ.SP,26,24,2
ECOPISTAS,SUP-7813-24,PZ.SM,1,4,-3
ECOPISTAS,SUP-7813-24,SM.F,2,0,2
ECOPISTAS,SUP-7813-24,SR,12,0,12
ENGECORPS,SUP-8272-25,DN,2,0,2
ENGECORPS,SUP-8272-25,SM,10,0,10
ENGECORPS,SUP-8272-25,SP,54,0,54
ENGECORPS,SUP-8272-25,SR,5,0,5
ENGECORPS,SUP-8272-25,ST,83,0,83
EPR HOLDING,SUP-8360-25,SP,12,48,-36
EPR HOLDING,SUP-8360-25,PI,12,16,-4
EPR HOLDING,SUP-8360-25,ST,12,16,-4
EPR HOLDING,SUP-8360-25,SM,2,0,2
EPR LITORAL PIONEIRO,SUP-7128-24,SP,1712,989,723
EPR LITORAL PIONEIRO,SUP-7128-24,PI,321,97,223
EPR LITORAL PIONEIRO,SUP-7128-24,ST,2176,1444,729
EPR LITORAL PIONEIRO,SUP-7128-24,SR,0,40,-40
EPR LITORAL PIONEIRO,SUP-7128-24,SM,381,374,7
EPR LITORAL PIONEIRO,SUP-7128-24,VT,7,70,-63
EPR LITORAL PIONEIRO,SUP-7128-24,CPTU,7,40,-33
EPR LITORAL PIONEIRO,SUP-7128-24,SH,7,78,-71
EPR LITORAL PIONEIRO,SUP-7128-24,BL,14,20,-6
EPR LITORAL PIONEIRO,SUP-7128-24,INA,0,1,-1
EPR LITORAL PIONEIRO,SUP-7128-24,SP.F,0,1,-1
EPR LITORAL PIONEIRO,SUP-7128-24,SM.F,6,13,-7
EPR LITORAL PIONEIRO,SUP-7722-24,SP,2823,310,2142
EPR LITORAL PIONEIRO,SUP-7722-24,PI,363,83,184
EPR LITORAL PIONEIRO,SUP-7722-24,ST,3504,1417,1916
EPR LITORAL PIONEIRO,SUP-7722-24,SM,544,377,68
EPR LITORAL PIONEIRO,SUP-7722-24,VT,2,4,-2
EPR LITORAL PIONEIRO,SUP-7722-24,CPTU,2,5,-12
EPR LITORAL PIONEIRO,SUP-7722-24,SH,2,4,-22
EPR LITORAL PIONEIRO,SUP-7722-24,BL,9,1,7
EPR LITORAL PIONEIRO,SUP-7722-24,SM.F,3,0,3
EPR SUL DE MINAS,SUP-7768-24,SP,344,58,288
EPR SUL DE MINAS,SUP-7768-24,PI,267,19,248
EPR SUL DE MINAS,SUP-7768-24,ST,1151,83,1068
EPR SUL DE MINAS,SUP-7768-24,SM,84,33,51
EPR SUL DE MINAS,SUP-7768-24,SM.F,2,0,2
EPR TRIÂNGULO,SUP-7769-24,SP,477,73,380
EPR TRIÂNGULO,SUP-7769-24,PI,314,24,290
EPR TRIÂNGULO,SUP-7769-24,ST,976,136,840
EPR TRIÂNGULO,SUP-7769-24,SM,157,52,103
EPR TRIÂNGULO,SUP-7769-24,SM.F,4,2,2
EPR VIA MINEIRA,SUP-7593-24,SP,2826,487,2225
EPR VIA MINEIRA,SUP-7593-24,PI,671,53,618
EPR VIA MINEIRA,SUP-7593-24,ST,3495,599,2896
EPR VIA MINEIRA,SUP-7593-24,SM,275,145,120
EPR VIA MINEIRA,SUP-7593-24,VT,0,2,-3
EPR VIA MINEIRA,SUP-7593-24,CPTU,0,2,-5
EPR VIA MINEIRA,SUP-7593-24,SH,0,2,-2
EPR VIA MINEIRA,SUP-7593-24,BL,0,1,-1
EPR VIA MINEIRA,SUP-7593-24,SM.F,68,0,68
EPR VIAS DO CAFÉ,SUP-7770-24,SP,269,80,189
EPR VIAS DO CAFÉ,SUP-7770-24,PI,227,39,188
EPR VIAS DO CAFÉ,SUP-7770-24,ST,1299,285,1014
EPR VIAS DO CAFÉ,SUP-7770-24,SM,82,33,49
EPR VIAS DO CAFÉ,SUP-7770-24,SM.F,10,9,1
QUADRANTE VIAPONTE ENGENHARIA LTDA,SUP-8408-26,SP,583,48,488
QUADRANTE VIAPONTE ENGENHARIA LTDA,SUP-8408-26,PI,0,0,-49
QUADRANTE VIAPONTE ENGENHARIA LTDA,SUP-8408-26,ST,2236,131,2104
QUADRANTE VIAPONTE ENGENHARIA LTDA,SUP-8408-26,SM,200,27,150
QUADRANTE VIAPONTE ENGENHARIA LTDA,SUP-8408-26,SH,0,2,-2
QUADRANTE VIAPONTE ENGENHARIA LTDA,SUP-8587-26,SP,12,1,11
QUADRANTE VIAPONTE ENGENHARIA LTDA,SUP-8587-26,SM,2,2,0
QUADRANTE VIAPONTE ENGENHARIA LTDA,SUP-8587-26,SH,0,1,-3
SONDOTÉCNICA,SUP-8276-25,SP,273,26,241
SONDOTÉCNICA,SUP-8276-25,PI,0,1,-1
SONDOTÉCNICA,SUP-8276-25,ST,1041,7,1034
SONDOTÉCNICA,SUP-8276-25,SM,102,9,93
SONDOTÉCNICA,SUP-8276-25,CPTU,18,0,18
SONDOTÉCNICA,SUP-8276-25,DN,9,0,9
SONDOTÉCNICA,SUP-8276-25,INCL.SM,0,0,0
SONDOTÉCNICA,SUP-8276-25,SM.F,13,0,13
SONDOTÉCNICA,SUP-8276-25,SR,3,0,3
SONDOTÉCNICA,SUP-8276-25,VT,18,0,18
SONDOTÉCNICA,SUP-8413-26,CPTU,18,0,18
SONDOTÉCNICA,SUP-8413-26,DN,9,0,9
SONDOTÉCNICA,SUP-8413-26,SM,162,0,162
SONDOTÉCNICA,SUP-8413-26,SM.F,13,0,13
SONDOTÉCNICA,SUP-8413-26,SP,273,0,273
SONDOTÉCNICA,SUP-8413-26,SR,3,0,3
SONDOTÉCNICA,SUP-8413-26,ST,607,0,607
SONDOTÉCNICA,SUP-8413-26,VT,18,0,18
VIA ARAUCÁRIA,SUP-7133-24,SP,4415,2974,1333
VIA ARAUCÁRIA,SUP-7133-24,PI,1080,760,318
VIA ARAUCÁRIA,SUP-7133-24,ST,7401,3857,3543
VIA ARAUCÁRIA,SUP-7133-24,SR,45,1,44
VIA ARAUCÁRIA,SUP-7133-24,SM,1005,721,275
VIA ARAUCÁRIA,SUP-7133-24,VT,125,62,63
VIA ARAUCÁRIA,SUP-7133-24,CPTU,125,81,42
VIA ARAUCÁRIA,SUP-7133-24,SH,125,68,57
VIA ARAUCÁRIA,SUP-7133-24,BL,0,20,-20
VIA ARAUCÁRIA,SUP-7133-24,SM.F,6,3,3
